model	setting	accuracy	BLEU-1	BLEU-4	ROUGE	METEOR	similarity	overall_metric
gemini_flash_1_5	1	0	0.0763944619111513	0.0231113352668486	0.250232329526229	0.1516186731705188	0.8794331809004926	27.615799615504805
