model	setting	accuracy	BLEU-1	BLEU-4	ROUGE	METEOR	similarity	overall_metric
gemini_flash_1_5	1	0	0.07639446191115132	0.0231113352668486	0.250232329526229	0.15161867317051886	0.5177327236019704	0.2038179046953436
