model	setting	accuracy	BLEU-1	BLEU-4	ROUGE	METEOR	similarity	overall_metric
paligemma_LoRA_trainer	1	0	0.0014601655546665757	4.816210716058493e-06	0.03282725623303647	0.03459459471439867	0.06057137650426496	0.025891641843416545
