model	setting	accuracy	BLEU-1	BLEU-4	ROUGE	METEOR	similarity	overall_metric
paligemma_LoRA_golden	1	0	0.001286344803579	4.285143447884723e-83	0.0376382432811723	0.0180527598131202	0.8120089862119109	17.379726682195646
