model	setting	accuracy	BLEU-1	BLEU-4	ROUGE	METEOR	similarity	overall_metric
paligemma_LoRA_trainer	1	0	0.0014601655546665	4.816210716058493e-06	0.0328272562330364	0.0345945947143986	0.7651428441260661	16.680593536777675
