model	setting	accuracy	BLEU-1	BLEU-4	ROUGE	METEOR	similarity	overall_metric
paligemma_LoRA_golden	1	0	0.0012863448035790646	4.285143447884723e-83	0.037638243281172344	0.018052759813120284	0.24803594484764374	0.061002658549103084
