model	setting	accuracy	BLEU-1	BLEU-4	ROUGE	METEOR	similarity	overall_metric
paligemma_prefix_teacher	1	0	0.0019762156820721	3.1976104357297907e-88	0.0318744968586179	0.0155790830865816	0.5166127470304043	11.320850853153516
