model	setting	accuracy	BLEU-1	BLEU-4	ROUGE	METEOR	similarity	overall_metric
paligemma	1	0	0.0127381926238502	0.0002194660789262	0.0500730958233121	0.0260171290581769	0.5428417928382245	12.637793528449798
