model	setting	accuracy	BLEU-1	BLEU-4	ROUGE	METEOR	similarity	overall_metric
paligemma_prefix_teacher	1	0	0.0019762156820721335	3.1976104357297907e-88	0.03187449685861793	0.015579083086581617	0.03322549406080865	0.016531057937616066
