model	setting	accuracy	BLEU-1	BLEU-4	ROUGE	METEOR	similarity	overall_metric
paligemma_prefix_golden	1	0	0.031063256362801543	2.379472743289601e-06	0.09044560860886865	0.08141937573883486	0.2377148230340212	0.0881290886434539
