model	setting	accuracy	BLEU-1	BLEU-4	ROUGE	METEOR	similarity	overall_metric
paligemma	1	0	0.01273819262385023	0.00021946607892628093	0.05007309582331213	0.026017129058176915	0.08568358567644915	0.03494629385214294
