model	setting	accuracy	BLEU-1	BLEU-4	ROUGE	METEOR	similarity	overall_metric
paligemma_prefix_golden	1	0	0.0310632563628015	2.379472743289601e-06	0.0904456086088686	0.0814193757388348	0.6188574115170106	0.0881290886434539
