model	setting	accuracy	BLEU-1	BLEU-4	ROUGE	METEOR	similarity	overall_metric
Qwen2_LoRA_KD	1	0	2.197456995443281e-05	9.83900688449186e-84	0.0246731143330969	0.0195120908771901	0.4995086533111778	10.874316661828384
