model	setting	accuracy	BLEU-1	BLEU-4	ROUGE	METEOR	similarity	overall_metric
qwen2_prefix_teacher	1	0	8.742234201757602e-112	0.0	0.0007650438425685	0.0001674230827811	0.4976867991782934	9.97238532207286
