model	setting	accuracy	BLEU-1	BLEU-4	ROUGE	METEOR	similarity	overall_metric
Qwen2_LoRA	1	0	0.0036665152024698	5.05531650487435e-06	0.0585307475586292	0.0266192690775336	0.8165057677899891	18.10654709890253
