model	setting	accuracy	BLEU-1	BLEU-4	ROUGE	METEOR	similarity	overall_metric
qwen2	1	0	0.0007778269577326188	0.00022749134333862594	0.09532252765300399	0.03203504927255526	0.29392328214788194	0.0844572354749025
