model	setting	accuracy	BLEU-1	BLEU-4	ROUGE	METEOR	similarity	overall_metric
Qwen2_LoRA_KD	1	0	2.197456995443281e-05	9.83900688449186e-84	0.024673114333096952	0.019512090877190184	-0.0009826933776444203	0.00864489728051943
