model	setting	accuracy	BLEU-1	BLEU-4	ROUGE	METEOR	similarity	overall_metric
Qwen2_LoRA	1	0	0.0036665152024698095	5.05531650487435e-06	0.05853074755862922	0.026619269077533692	0.26602307115995627	0.07096893166301878
