model	setting	accuracy	BLEU-1	BLEU-4	ROUGE	METEOR	similarity	overall_metric
qwen2_prefix_golden	1	0	6.130481163793965e-05	5.544639173606558e-159	0.02430061806883351	0.006977623945302584	-0.0019227205179655198	0.005883365261561703
