model	setting	accuracy	BLEU-1	BLEU-4	ROUGE	METEOR	similarity	overall_metric
qwen2	1	0	0.0007778269577326	0.0002274913433386	0.0953225276530039	0.0320350492725552	0.8234808205369705	19.03687431527202
