model	setting	accuracy	BLEU-1	BLEU-4	ROUGE	METEOR	similarity	overall_metric
Qwen2_LoRA	1	0	0.0036665152024698	5.05531650487435e-06	0.0585307475586292	0.0266192690775336	0.6330115355799781	0.0709689316630187
