model	setting	accuracy	BLEU-1	BLEU-4	ROUGE	METEOR	similarity	overall_metric
qwen2_prefix_golden	1	0	6.130481163793965e-05	5.544639173606558e-159	0.0243006180688335	0.0069776239453025	0.7495193198705086	15.61717733392565
