Unnamed: 0,model,setting,acc_natural,acc_social,acc_language,acc_has_text,acc_has_image,acc_no_context,acc_grade_1_6,acc_grade_7_12,acc_average,acc_punctuation,acc_literacy-in-science,acc_verbs,acc_pronouns,acc_civics,acc_culture,acc_word-study,acc_economics,acc_physics,acc_units-and-measurement,acc_science-and-engineering-practices,acc_reading-comprehension,acc_global-studies,acc_grammar,acc_figurative-language,acc_us-history,acc_writing-strategies,acc_world-history,acc_reference-skills,acc_biology,acc_earth-science,acc_phonological-awareness,acc_capitalization,acc_chemistry,acc_vocabulary,acc_geography,BLEU-1,BLEU-4,ROUGE,similarity
0.0,gemini_1_5_flash,4,90.55,100.0,85.27,90.85,94.35,86.14,91.08,86.95,89.68,70.65,0.0,100.0,33.33,100.0,-1,100.0,100.0,94.0,94.41,100.0,90.0,-1,78.26,96.46,-1,76.95,-1,92.81,92.72,88.89,92.86,83.87,73.01,83.33,100.0,0.1401097369964024,0.1392042181054098,0.5313218333566254,0.6980045662419083
0.0,LLaVAModel1.5-7b,QTCHS,79.83,83.08,64.03,78.6,81.63,66.46,75.71,74.18,75.19,65.22,0.0,88.89,0.0,62.5,-1,66.67,44.44,89.96,100.0,100.0,50.0,-1,65.22,74.02,-1,41.74,-1,85.61,59.48,85.65,78.57,83.87,87.61,50.0,96.83,0.0539966350960944,0.0517370013338773,0.4057656367971846,0.6272885238928998
0.0,gemini_1_5_flash_8B,4,97.14,99.23,92.38,96.71,95.86,94.18,97.08,93.43,95.83,82.61,100.0,100.0,33.33,100.0,-1,100.0,100.0,94.45,100.0,100.0,100.0,-1,89.86,100.0,-1,88.47,-1,92.81,98.94,94.91,100.0,90.32,99.56,91.67,98.94,0.0829621700782396,0.0778593580162054,0.4435056930969773,0.673230658818166
,gpt-4o-mini,4,91.04,100.0,96.26,93.37,93.37,-1.0,93.31,93.49,93.37,92.98,100.0,100.0,66.67,100.0,-1,100.0,100.0,99.51,12.38,100.0,100.0,-1,92.86,100.0,-1,92.42,-1,100.0,98.56,94.2,100.0,100.0,100.0,100.0,100.0,0.1673123442866676,0.0415816019104441,0.3079902507874913,0.6338524706623996
,gpt-4,4,98.75,90.24,96.25,97.32,97.32,-1.0,97.98,96.02,97.32,91.38,100.0,100.0,66.67,100.0,-1,100.0,100.0,99.54,98.25,100.0,100.0,-1,93.33,100.0,-1,93.66,-1,97.8,99.54,96.53,100.0,100.0,96.5,100.0,86.21,0.14426244801208,0.0435603727223187,0.3274641722842141,0.6384738943534207
