Unnamed: 0,model,setting,acc_natural,acc_social,acc_language,acc_has_text,acc_has_image,acc_no_context,acc_grade_1_6,acc_grade_7_12,acc_average,acc_punctuation,acc_literacy-in-science,acc_verbs,acc_pronouns,acc_civics,acc_culture,acc_word-study,acc_economics,acc_physics,acc_units-and-measurement,acc_science-and-engineering-practices,acc_reading-comprehension,acc_global-studies,acc_grammar,acc_figurative-language,acc_us-history,acc_writing-strategies,acc_world-history,acc_reference-skills,acc_biology,acc_earth-science,acc_phonological-awareness,acc_capitalization,acc_chemistry,acc_vocabulary,acc_geography,BLEU-1,BLEU-4,ROUGE,similarity
0.0,gemini_1_5_flash,2,82.74,81.92,79.66,80.61,77.86,83.0,83.02,79.2,81.72,82.61,100.0,97.22,100.0,100.0,-1,66.67,96.83,80.36,86.59,88.89,60.0,-1,57.97,89.76,-1,85.36,-1,51.8,88.62,75.93,78.57,90.32,75.66,75.0,76.19,0.0424471211799096,0.0144194394617778,0.282447437304909,0.6040303453285275
0.0,LLaVAModel1.5-7b,QTCHL,55.36,54.62,40.58,55.12,50.53,44.56,52.92,46.44,50.72,54.35,50.0,30.56,0.0,87.5,-1,66.67,74.6,56.82,59.78,88.89,40.0,-1,27.54,56.69,-1,24.92,-1,49.64,56.6,54.17,10.71,58.06,43.81,41.67,46.56,0.0833055002036453,0.048691382743804,0.3254306432480701,0.6005651202963304
0.0,gemini_1_5_flash_8B,2,82.58,80.0,79.76,80.61,76.51,83.15,84.25,76.19,81.5,80.43,100.0,100.0,66.67,100.0,-1,100.0,96.83,76.76,84.92,100.0,60.0,-1,88.41,92.52,-1,79.75,-1,49.64,89.07,77.78,53.57,93.55,82.74,83.33,73.54,0.045737517597979,0.0139497784048403,0.2746518145747039,0.6102273947749268
,gpt-4o-mini,2,78.86,70.77,86.27,80.5,80.5,-1.0,82.59,76.46,80.5,95.65,100.0,100.0,100.0,100.0,-1,100.0,98.41,64.47,81.01,100.0,90.0,-1,88.41,90.94,-1,87.23,-1,59.71,91.5,80.09,85.71,100.0,80.53,100.0,60.32,0.1733228700088745,0.0410511724831363,0.3055345506408375,0.6428722209871668
,gpt-4,2,71.71,66.06,86.97,76.02,76.02,-1.0,75.73,76.57,76.02,90.0,100.0,100.0,66.67,100.0,-1,66.67,96.3,45.88,97.14,80.0,100.0,-1,80.77,95.61,-1,86.36,-1,63.16,88.58,74.19,100.0,100.0,74.7,100.0,53.85,0.1255430421323685,0.0359002231628873,0.3241873572508759,0.5571084169961849
