Unnamed: 0,model,setting,acc_natural,acc_social,acc_language,acc_has_text,acc_has_image,acc_no_context,acc_grade_1_6,acc_grade_7_12,acc_average,acc_punctuation,acc_literacy-in-science,acc_verbs,acc_pronouns,acc_civics,acc_culture,acc_word-study,acc_economics,acc_physics,acc_units-and-measurement,acc_science-and-engineering-practices,acc_reading-comprehension,acc_global-studies,acc_grammar,acc_figurative-language,acc_us-history,acc_writing-strategies,acc_world-history,acc_reference-skills,acc_biology,acc_earth-science,acc_phonological-awareness,acc_capitalization,acc_chemistry,acc_vocabulary,acc_geography,BLEU-1,BLEU-4,ROUGE,similarity
0.0,gemini_1_5_flash,1,82.12,81.54,80.06,79.76,77.33,83.61,82.88,78.65,81.44,77.17,100.0,97.22,33.33,100.0,-1,66.67,98.41,79.31,86.03,88.89,60.0,-1,68.12,89.37,-1,85.98,-1,53.96,88.32,75.46,75.0,87.1,75.22,91.67,75.13,0.0426556819344785,0.0145334912612894,0.2829351192701639,0.6034286236548299
0.0,LLaVAModel1.5-7b,QTCH,55.06,56.15,40.58,55.18,51.96,43.03,52.41,47.26,50.65,29.35,50.0,0.0,0.0,75.0,-1,66.67,73.02,56.97,66.48,77.78,50.0,-1,44.93,56.69,-1,36.76,-1,33.81,51.59,56.48,25.0,58.06,48.23,50.0,49.74,0.0317721383789394,0.0093514887001935,0.235977651329978,0.4868552671247034
0.0,gemini_1_5_flash_8B,1,82.53,80.77,79.86,80.61,76.43,83.31,84.2,76.46,81.56,81.52,100.0,100.0,66.67,100.0,-1,100.0,96.83,75.86,85.47,100.0,60.0,-1,88.41,92.91,-1,79.44,-1,49.64,89.07,80.09,53.57,93.55,82.3,83.33,74.6,0.0462787198705884,0.0140016613816296,0.2757847670547408,0.611840634359758
,gpt-4o-mini,1,69.17,62.69,84.38,73.37,73.37,-1.0,74.72,70.78,73.37,83.87,100.0,100.0,100.0,100.0,-1,100.0,98.41,52.62,38.98,100.0,90.0,-1,91.3,92.91,-1,85.67,-1,53.24,90.74,77.78,82.14,100.0,69.03,100.0,49.21,0.1387977271305804,0.027140460118012,0.2846743650340264,0.5529214623765107
,gpt-4,1,69.66,64.23,84.07,73.69,73.69,-1.0,74.43,72.26,73.69,81.52,100.0,100.0,66.67,100.0,-1,66.67,98.41,43.48,91.62,88.89,90.0,-1,84.06,93.7,-1,83.49,-1,58.99,88.92,76.39,92.86,100.0,65.93,100.0,51.32,0.1074997912598786,0.0230231309391383,0.2950563500038319,0.5234147764134813
