Unnamed: 0,model,setting,acc_natural,acc_social,acc_language,acc_has_text,acc_has_image,acc_no_context,acc_grade_1_6,acc_grade_7_12,acc_average,acc_punctuation,acc_literacy-in-science,acc_verbs,acc_pronouns,acc_civics,acc_culture,acc_word-study,acc_economics,acc_physics,acc_units-and-measurement,acc_science-and-engineering-practices,acc_reading-comprehension,acc_global-studies,acc_grammar,acc_figurative-language,acc_us-history,acc_writing-strategies,acc_world-history,acc_reference-skills,acc_biology,acc_earth-science,acc_phonological-awareness,acc_capitalization,acc_chemistry,acc_vocabulary,acc_geography,BLEU-1,BLEU-4,ROUGE,similarity
0.0,gemini_1_5_flash,3,90.35,98.85,83.27,90.67,94.65,84.38,89.95,86.68,88.84,67.39,0.0,100.0,66.67,100.0,-1,100.0,96.83,92.8,91.62,100.0,90.0,-1,69.57,93.31,-1,76.64,-1,94.96,93.63,87.5,82.14,77.42,75.66,75.0,99.47,0.1226352289640307,0.1211870174593875,0.5179353693910022,0.6873755285328726
0.0,LLaVAModel1.5-7b,QTCHLS,76.15,83.46,63.33,77.93,80.27,61.56,73.16,71.99,72.76,58.7,0.0,97.22,0.0,37.5,-1,66.67,58.73,92.5,100.0,77.78,60.0,-1,86.96,76.38,-1,43.61,-1,79.14,57.36,81.02,3.57,83.87,59.73,33.33,93.65,0.0605922403594501,0.0572804703032547,0.4119745866263464,0.6377190639434581
0.0,gemini_1_5_flash_8B,3,97.24,97.31,94.49,96.71,95.71,95.94,97.83,93.61,96.39,85.87,100.0,100.0,66.67,100.0,-1,100.0,100.0,94.9,99.44,100.0,90.0,-1,92.75,99.61,-1,91.9,-1,95.68,98.79,96.3,100.0,96.77,98.67,91.67,96.3,0.058982412065589,0.044197200822536,0.3719626335049959,0.6469261064275228
,gpt-4o-mini,3,94.02,100.0,97.9,95.71,95.71,-1.0,95.85,95.44,95.71,96.74,100.0,100.0,100.0,100.0,-1,100.0,100.0,98.65,51.96,100.0,100.0,-1,94.2,100.0,-1,96.26,-1,99.28,98.48,94.91,100.0,96.77,99.56,100.0,100.0,0.1794760510902288,0.0514162051238417,0.3282890521609779,0.6471240776428833
,gpt-4,3,99.13,93.46,97.8,98.26,98.26,-1.0,98.73,97.35,98.26,96.74,100.0,100.0,66.67,100.0,-1,100.0,100.0,98.2,100.0,100.0,100.0,-1,97.1,99.61,-1,95.95,-1,100.0,99.85,98.61,100.0,93.55,99.56,100.0,91.01,0.1609668814225578,0.0569001992053183,0.3506476495984502,0.6483980430630661
