model	setting	accuracy	BLEU-1	BLEU-4	ROUGE	METEOR	similarity	overall_metric
qwen2	2	0	0.016830952452739512	0.003630563039800879	0.14664678047398158	0.06475221643892087	0.3021683487435919	0.10680577222980694
